Date,City,Source,Tickets Sold,Revenue,Season,Num_Shows,Capacity,,,,,,,,
2025-04-17,Calgary,Archtics,2,269.00,2025,14,30800,,,,,,,,
2025-04-17,Calgary,Ticketmaster,0,0.00,2025,14,30800,,,,,,,,
2025-04-17,Edmonton,Archtics,1,106.00,2025,7,15400,,,,,,,,
2025-04-17,Edmonton,Ticketmaster,0,0.00,2025,7,15400,,,,,,,,
2025-04-18,Calgary,Archtics,0,0.00,2025,14,30800,,,,,,,,
2025-04-18,Calgary,Ticketmaster,0,0.00,2025,14,30800,,,,,,,,
2025-04-18,Edmonton,Archtics,3,403.00,2025,7,15400,,,,,,,,
2025-04-18,Edmonton,Ticketmaster,0,0.00,2025,7,15400,,,,,,,,
2025-04-19,Calgary,Archtics,0,0.00,2025,14,30800,,,,,,,,
2025-04-19,Calgary,Ticketmaster,0,0.00,2025,14,30800,,,,,,,,
2025-04-19,Edmonton,Archtics,0,0.00,2025,7,15400,,,,,,,,
2025-04-19,Edmonton,Ticketmaster,0,0.00,2025,7,15400,,,,,,,,
2025-04-20,Calgary,Archtics,0,0.00,2025,14,30800,,,,,,,,
2025-04-20,Calgary,Ticketmaster,0,0.00,2025,14,30800,,,,,,,,
2025-04-20,Edmonton,Archtics,0,0.00,2025,7,15400,,,,,,,,
2025-04-20,Edmonton,Ticketmaster,0,0.00,2025,7,15400,,,,,,,,
2025-04-21,Calgary,Archtics,0,0.00,2025,14,30800,,,,,,,,
2025-04-21,Calgary,Ticketmaster,0,0.00,2025,14,30800,,,,,,,,
2025-04-21,Edmonton,Archtics,0,0.00,2025,7,15400,,,,,,,,
2025-04-21,Edmonton,Ticketmaster,0,0.00,2025,7,15400,,,,,,,,
2025-04-22,Calgary,Archtics,9,823.00,2025,14,30800,,,,,,,,
2025-04-22,Calgary,Ticketmaster,0,0.00,2025,14,30800,,,,,,,,
2025-04-22,Edmonton,Archtics,0,0.00,2025,7,15400,,,,,,,,
2025-04-22,Edmonton,Ticketmaster,0,0.00,2025,7,15400,,,,,,,,
2025-04-23,Calgary,Archtics,14,1830.00,2025,14,30800,,,,,,,,
2025-04-23,Calgary,Ticketmaster,0,0.00,2025,14,30800,,,,,,,,
2025-04-23,Edmonton,Archtics,8,839.00,2025,7,15400,,,,,,,,
2025-04-23,Edmonton,Ticketmaster,0,0.00,2025,7,15400,,,,,,,,
2025-04-24,Calgary,Archtics,10,1057.00,2025,14,30800,,,,,,,,
2025-04-24,Calgary,Ticketmaster,0,0.00,2025,14,30800,,,,,,,,
2025-04-24,Edmonton,Archtics,1,73.00,2025,7,15400,,,,,,,,
2025-04-24,Edmonton,Ticketmaster,0,0.00,2025,7,15400,,,,,,,,
2025-04-25,Calgary,Archtics,6,840.00,2025,14,30800,,,,,,,,
2025-04-25,Calgary,Ticketmaster,0,0.00,2025,14,30800,,,,,,,,
2025-04-25,Edmonton,Archtics,0,0.00,2025,7,15400,,,,,,,,
2025-04-25,Edmonton,Ticketmaster,0,0.00,2025,7,15400,,,,,,,,
2025-04-26,Calgary,Archtics,0,0.00,2025,14,30800,,,,,,,,
2025-04-26,Calgary,Ticketmaster,0,0.00,2025,14,30800,,,,,,,,
2025-04-26,Edmonton,Archtics,0,0.00,2025,7,15400,,,,,,,,
2025-04-26,Edmonton,Ticketmaster,0,0.00,2025,7,15400,,,,,,,,
2025-04-27,Calgary,Archtics,0,0.00,2025,14,30800,,,,,,,,
2025-04-27,Calgary,Ticketmaster,0,0.00,2025,14,30800,,,,,,,,
2025-04-27,Edmonton,Archtics,0,0.00,2025,7,15400,,,,,,,,
2025-04-27,Edmonton,Ticketmaster,0,0.00,2025,7,15400,,,,,,,,
2025-04-28,Calgary,Archtics,0,0.00,2025,14,30800,,,,,,,,
2025-04-28,Calgary,Ticketmaster,0,0.00,2025,14,30800,,,,,,,,
2025-04-28,Edmonton,Archtics,0,0.00,2025,7,15400,,,,,,,,
2025-04-28,Edmonton,Ticketmaster,0,0.00,2025,7,15400,,,,,,,,
2025-04-29,Calgary,Archtics,2,147.00,2025,14,30800,,,,,,,,
2025-04-29,Calgary,Ticketmaster,0,0.00,2025,14,30800,,,,,,,,
2025-04-29,Edmonton,Archtics,4,557.00,2025,7,15400,,,,,,,,
2025-04-29,Edmonton,Ticketmaster,0,0.00,2025,7,15400,,,,,,,,
2025-04-30,Calgary,Archtics,2,239.00,2025,14,30800,,,,,,,,
2025-04-30,Calgary,Ticketmaster,0,0.00,2025,14,30800,,,,,,,,
2025-04-30,Edmonton,Archtics,4,530.00,2025,7,15400,,,,,,,,
2025-04-30,Edmonton,Ticketmaster,0,0.00,2025,7,15400,,,,,,,,
2025-05-01,Calgary,Archtics,4,587.00,2025,14,30800,,,,,,,,
2025-05-01,Calgary,Ticketmaster,0,0.00,2025,14,30800,,,,,,,,
2025-05-01,Edmonton,Archtics,5,557.00,2025,7,15400,,,,,,,,
2025-05-01,Edmonton,Ticketmaster,0,0.00,2025,7,15400,,,,,,,,
2025-05-02,Calgary,Archtics,8,960.00,2025,14,30800,,,,,,,,
2025-05-02,Calgary,Ticketmaster,0,0.00,2025,14,30800,,,,,,,,
2025-05-02,Edmonton,Archtics,0,0.00,2025,7,15400,,,,,,,,
2025-05-02,Edmonton,Ticketmaster,0,0.00,2025,7,15400,,,,,,,,
2025-05-03,Calgary,Archtics,17,1422.00,2025,14,30800,,,,,,,,
2025-05-03,Calgary,Ticketmaster,0,0.00,2025,14,30800,,,,,,,,
2025-05-03,Edmonton,Archtics,2,147.00,2025,7,15400,,,,,,,,
2025-05-03,Edmonton,Ticketmaster,0,0.00,2025,7,15400,,,,,,,,
2025-05-04,Calgary,Archtics,0,0.00,2025,14,30800,,,,,,,,
2025-05-04,Calgary,Ticketmaster,0,0.00,2025,14,30800,,,,,,,,
2025-05-04,Edmonton,Archtics,2,239.00,2025,7,15400,,,,,,,,
2025-05-04,Edmonton,Ticketmaster,0,0.00,2025,7,15400,,,,,,,,
2025-05-05,Calgary,Archtics,26,2844.00,2025,14,30800,,,,,,,,
2025-05-05,Calgary,Ticketmaster,0,0.00,2025,14,30800,,,,,,,,
2025-05-05,Edmonton,Archtics,7,351.00,2025,7,15400,,,,,,,,
2025-05-05,Edmonton,Ticketmaster,0,0.00,2025,7,15400,,,,,,,,
2025-05-06,Calgary,Archtics,7,847.00,2025,14,30800,,,,,,,,
2025-05-06,Calgary,Ticketmaster,0,0.00,2025,14,30800,,,,,,,,
2025-05-06,Edmonton,Archtics,2,147.00,2025,7,15400,,,,,,,,
2025-05-06,Edmonton,Ticketmaster,0,0.00,2025,7,15400,,,,,,,,
2025-05-07,Calgary,Archtics,0,0.00,2025,14,30800,,,,,,,,
2025-05-07,Calgary,Ticketmaster,0,0.00,2025,14,30800,,,,,,,,
2025-05-07,Edmonton,Archtics,0,0.00,2025,7,15400,,,,,,,,
2025-05-07,Edmonton,Ticketmaster,0,0.00,2025,7,15400,,,,,,,,
2025-05-08,Calgary,Archtics,13,1413.00,2025,14,30800,,,,,,,,
2025-05-08,Calgary,Ticketmaster,0,0.00,2025,14,30800,,,,,,,,
2025-05-08,Edmonton,Archtics,9,1010.00,2025,7,15400,,,,,,,,
2025-05-08,Edmonton,Ticketmaster,0,0.00,2025,7,15400,,,,,,,,
2025-05-09,Calgary,Archtics,2,147.00,2025,14,30800,,,,,,,,
2025-05-09,Calgary,Ticketmaster,0,0.00,2025,14,30800,,,,,,,,
2025-05-09,Edmonton,Archtics,13,1104.00,2025,7,15400,,,,,,,,
2025-05-09,Edmonton,Ticketmaster,0,0.00,2025,7,15400,,,,,,,,
2025-05-10,Calgary,Archtics,0,0.00,2025,14,30800,,,,,,,,
2025-05-10,Calgary,Ticketmaster,0,0.00,2025,14,30800,,,,,,,,
2025-05-10,Edmonton,Archtics,3,201.00,2025,7,15400,,,,,,,,
2025-05-10,Edmonton,Ticketmaster,0,0.00,2025,7,15400,,,,,,,,
2025-05-11,Calgary,Archtics,0,0.00,2025,14,30800,,,,,,,,
2025-05-11,Calgary,Ticketmaster,0,0.00,2025,14,30800,,,,,,,,
2025-05-11,Edmonton,Archtics,0,0.00,2025,7,15400,,,,,,,,
2025-05-11,Edmonton,Ticketmaster,0,0.00,2025,7,15400,,,,,,,,
2025-05-12,Calgary,Archtics,4,359.00,2025,14,30800,,,,,,,,
2025-05-12,Calgary,Ticketmaster,0,0.00,2025,14,30800,,,,,,,,
2025-05-12,Edmonton,Archtics,7,771.00,2025,7,15400,,,,,,,,
2025-05-12,Edmonton,Ticketmaster,0,0.00,2025,7,15400,,,,,,,,
2025-05-13,Calgary,Archtics,0,0.00,2025,14,30800,,,,,,,,
2025-05-13,Calgary,Ticketmaster,0,0.00,2025,14,30800,,,,,,,,
2025-05-13,Edmonton,Archtics,2,269.00,2025,7,15400,,,,,,,,
2025-05-13,Edmonton,Ticketmaster,0,0.00,2025,7,15400,,,,,,,,
2025-05-14,Calgary,Archtics,2,239.00,2025,14,30800,,,,,,,,
2025-05-14,Calgary,Ticketmaster,0,0.00,2025,14,30800,,,,,,,,
2025-05-14,Edmonton,Archtics,2,318.00,2025,7,15400,,,,,,,,
2025-05-14,Edmonton,Ticketmaster,0,0.00,2025,7,15400,,,,,,,,
2025-05-15,Calgary,Archtics,0,0.00,2025,14,30800,,,,,,,,
2025-05-15,Calgary,Ticketmaster,0,0.00,2025,14,30800,,,,,,,,
2025-05-15,Edmonton,Archtics,0,0.00,2025,7,15400,,,,,,,,
2025-05-15,Edmonton,Ticketmaster,0,0.00,2025,7,15400,,,,,,,,
2025-05-16,Calgary,Archtics,0,0.00,2025,14,30800,,,,,,,,
2025-05-16,Calgary,Ticketmaster,0,0.00,2025,14,30800,,,,,,,,
2025-05-16,Edmonton,Archtics,7,804.00,2025,7,15400,,,,,,,,
2025-05-16,Edmonton,Ticketmaster,0,0.00,2025,7,15400,,,,,,,,
2025-05-17,Calgary,Archtics,0,0.00,2025,14,30800,,,,,,,,
2025-05-17,Calgary,Ticketmaster,0,0.00,2025,14,30800,,,,,,,,
2025-05-17,Edmonton,Archtics,0,0.00,2025,7,15400,,,,,,,,
2025-05-17,Edmonton,Ticketmaster,0,0.00,2025,7,15400,,,,,,,,
2025-05-18,Calgary,Archtics,0,0.00,2025,14,30800,,,,,,,,
2025-05-18,Calgary,Ticketmaster,0,0.00,2025,14,30800,,,,,,,,
2025-05-18,Edmonton,Archtics,0,0.00,2025,7,15400,,,,,,,,
2025-05-18,Edmonton,Ticketmaster,0,0.00,2025,7,15400,,,,,,,,
2025-05-19,Calgary,Archtics,0,0.00,2025,14,30800,,,,,,,,
2025-05-19,Calgary,Ticketmaster,0,0.00,2025,14,30800,,,,,,,,
2025-05-19,Edmonton,Archtics,0,0.00,2025,7,15400,,,,,,,,
2025-05-19,Edmonton,Ticketmaster,0,0.00,2025,7,15400,,,,,,,,
2025-05-20,Calgary,Archtics,2,147.00,2025,14,30800,,,,,,,,
2025-05-20,Calgary,Ticketmaster,0,0.00,2025,14,30800,,,,,,,,
2025-05-20,Edmonton,Archtics,0,0.00,2025,7,15400,,,,,,,,
2025-05-20,Edmonton,Ticketmaster,0,0.00,2025,7,15400,,,,,,,,
2025-05-21,Calgary,Archtics,14,1189.00,2025,14,30800,,,,,,,,
2025-05-21,Calgary,Ticketmaster,0,0.00,2025,14,30800,,,,,,,,
2025-05-21,Edmonton,Archtics,8,696.00,2025,7,15400,,,,,,,,
2025-05-21,Edmonton,Ticketmaster,0,0.00,2025,7,15400,,,,,,,,
2025-05-22,Calgary,Archtics,10,1198.00,2025,14,30800,,,,,,,,
2025-05-22,Calgary,Ticketmaster,0,0.00,2025,14,30800,,,,,,,,
2025-05-22,Edmonton,Archtics,5,631.00,2025,7,15400,,,,,,,,
2025-05-22,Edmonton,Ticketmaster,0,0.00,2025,7,15400,,,,,,,,
2025-05-23,Calgary,Archtics,2,318.00,2025,14,30800,,,,,,,,
2025-05-23,Calgary,Ticketmaster,0,0.00,2025,14,30800,,,,,,,,
2025-05-23,Edmonton,Archtics,0,0.00,2025,7,15400,,,,,,,,
2025-05-23,Edmonton,Ticketmaster,0,0.00,2025,7,15400,,,,,,,,
2025-05-24,Calgary,Archtics,2,212.00,2025,14,30800,,,,,,,,
2025-05-24,Calgary,Ticketmaster,0,0.00,2025,14,30800,,,,,,,,
2025-05-24,Edmonton,Archtics,0,0.00,2025,7,15400,,,,,,,,
2025-05-24,Edmonton,Ticketmaster,0,0.00,2025,7,15400,,,,,,,,
2025-05-25,Calgary,Archtics,0,0.00,2025,14,30800,,,,,,,,
2025-05-25,Calgary,Ticketmaster,0,0.00,2025,14,30800,,,,,,,,
2025-05-25,Edmonton,Archtics,0,0.00,2025,7,15400,,,,,,,,
2025-05-25,Edmonton,Ticketmaster,0,0.00,2025,7,15400,,,,,,,,
2025-05-26,Calgary,Archtics,0,0.00,2025,14,30800,,,,,,,,
2025-05-26,Calgary,Ticketmaster,0,0.00,2025,14,30800,,,,,,,,
2025-05-26,Edmonton,Archtics,0,0.00,2025,7,15400,,,,,,,,
2025-05-26,Edmonton,Ticketmaster,0,0.00,2025,7,15400,,,,,,,,
2025-05-27,Calgary,Archtics,4,378.00,2025,14,30800,,,,,,,,
2025-05-27,Calgary,Ticketmaster,0,0.00,2025,14,30800,,,,,,,,
2025-05-27,Edmonton,Archtics,20,1691.00,2025,7,15400,,,,,,,,
2025-05-27,Edmonton,Ticketmaster,0,0.00,2025,7,15400,,,,,,,,
2025-05-28,Calgary,Archtics,2,239.00,2025,14,30800,,,,,,,,
2025-05-28,Calgary,Ticketmaster,0,0.00,2025,14,30800,,,,,,,,
2025-05-28,Edmonton,Archtics,0,0.00,2025,7,15400,,,,,,,,
2025-05-28,Edmonton,Ticketmaster,0,0.00,2025,7,15400,,,,,,,,
2025-05-29,Calgary,Archtics,10,1356.00,2025,14,30800,,,,,,,,
2025-05-29,Calgary,Ticketmaster,0,0.00,2025,14,30800,,,,,,,,
2025-05-29,Edmonton,Archtics,2,212.00,2025,7,15400,,,,,,,,
2025-05-29,Edmonton,Ticketmaster,0,0.00,2025,7,15400,,,,,,,,
2025-05-30,Calgary,Archtics,2,239.00,2025,14,30800,,,,,,,,
2025-05-30,Calgary,Ticketmaster,0,0.00,2025,14,30800,,,,,,,,
2025-05-30,Edmonton,Archtics,6,612.00,2025,7,15400,,,,,,,,
2025-05-30,Edmonton,Ticketmaster,0,0.00,2025,7,15400,,,,,,,,
2025-05-31,Calgary,Archtics,2,318.00,2025,14,30800,,,,,,,,
2025-05-31,Calgary,Ticketmaster,0,0.00,2025,14,30800,,,,,,,,
2025-05-31,Edmonton,Archtics,0,0.00,2025,7,15400,,,,,,,,
2025-05-31,Edmonton,Ticketmaster,0,0.00,2025,7,15400,,,,,,,,
2025-06-01,Calgary,Archtics,4,478.00,2025,14,30800,,,,,,,,
2025-06-01,Calgary,Ticketmaster,0,0.00,2025,14,30800,,,,,,,,
2025-06-01,Edmonton,Archtics,0,0.00,2025,7,15400,,,,,,,,
2025-06-01,Edmonton,Ticketmaster,0,0.00,2025,7,15400,,,,,,,,
2025-06-02,Calgary,Archtics,13,1474.00,2025,14,30800,,,,,,,,
2025-06-02,Calgary,Ticketmaster,0,0.00,2025,14,30800,,,,,,,,
2025-06-02,Edmonton,Archtics,0,0.00,2025,7,15400,,,,,,,,
2025-06-02,Edmonton,Ticketmaster,0,0.00,2025,7,15400,,,,,,,,
2025-06-03,Calgary,Archtics,73,8386.00,2025,14,30800,,,,,,,,
2025-06-03,Calgary,Ticketmaster,532,47589.00,2025,14,30800,,,,,,,,
2025-06-03,Edmonton,Archtics,9,973.00,2025,7,15400,,,,,,,,
2025-06-03,Edmonton,Ticketmaster,274,25271.00,2025,7,15400,,,,,,,,
2025-06-04,Calgary,Archtics,0,0.00,2025,14,30800,,,,,,,,
2025-06-04,Calgary,Ticketmaster,171,20332.00,2025,14,30800,,,,,,,,
2025-06-04,Edmonton,Archtics,4,481.00,2025,7,15400,,,,,,,,
2025-06-04,Edmonton,Ticketmaster,104,10427.00,2025,7,15400,,,,,,,,
2025-06-05,Calgary,Archtics,53,6281.00,2025,14,30800,,,,,,,,
2025-06-05,Calgary,Ticketmaster,296,29262.00,2025,14,30800,,,,,,,,
2025-06-05,Edmonton,Archtics,14,1637.00,2025,7,15400,,,,,,,,
2025-06-05,Edmonton,Ticketmaster,139,14479.00,2025,7,15400,,,,,,,,
2025-06-06,Calgary,Archtics,7,916.00,2025,14,30800,,,,,,,,
2025-06-06,Calgary,Ticketmaster,82,9772.00,2025,14,30800,,,,,,,,
2025-06-06,Edmonton,Archtics,0,0.00,2025,7,15400,,,,,,,,
2025-06-06,Edmonton,Ticketmaster,51,7256.00,2025,7,15400,,,,,,,,
2025-06-07,Calgary,Archtics,0,0.00,2025,14,30800,,,,,,,,
2025-06-07,Calgary,Ticketmaster,24,3153.00,2025,14,30800,,,,,,,,
2025-06-07,Edmonton,Archtics,0,0.00,2025,7,15400,,,,,,,,
2025-06-07,Edmonton,Ticketmaster,8,606.00,2025,7,15400,,,,,,,,
2025-06-08,Calgary,Archtics,0,0.00,2025,14,30800,,,,,,,,
2025-06-08,Calgary,Ticketmaster,25,2581.00,2025,14,30800,,,,,,,,
2025-06-08,Edmonton,Archtics,0,0.00,2025,7,15400,,,,,,,,
2025-06-08,Edmonton,Ticketmaster,5,741.00,2025,7,15400,,,,,,,,
2025-06-09,Calgary,Archtics,55,4926.00,2025,14,30800,,,,,,,,
2025-06-09,Calgary,Ticketmaster,14,1830.00,2025,14,30800,,,,,,,,
2025-06-09,Edmonton,Archtics,4,321.00,2025,7,15400,,,,,,,,
2025-06-09,Edmonton,Ticketmaster,0,0.00,2025,7,15400,,,,,,,,
2025-06-10,Calgary,Archtics,8,578.00,2025,14,30800,,,,,,,,
2025-06-10,Calgary,Ticketmaster,6,693.00,2025,14,30800,,,,,,,,
2025-06-10,Edmonton,Archtics,0,0.00,2025,7,15400,,,,,,,,
2025-06-10,Edmonton,Ticketmaster,10,850.00,2025,7,15400,,,,,,,,
2025-06-11,Calgary,Archtics,0,0.00,2025,14,30800,,,,,,,,
2025-06-11,Calgary,Ticketmaster,6,701.00,2025,14,30800,,,,,,,,
2025-06-11,Edmonton,Archtics,2,147.00,2025,7,15400,,,,,,,,
2025-06-11,Edmonton,Ticketmaster,2,139.00,2025,7,15400,,,,,,,,
2025-06-12,Calgary,Archtics,31,4296.00,2025,14,30800,,,,,,,,
2025-06-12,Calgary,Ticketmaster,5,472.00,2025,14,30800,,,,,,,,
2025-06-12,Edmonton,Archtics,19,1402.00,2025,7,15400,,,,,,,,
2025-06-12,Edmonton,Ticketmaster,3,208.00,2025,7,15400,,,,,,,,
2025-06-13,Calgary,Archtics,4,538.00,2025,14,30800,,,,,,,,
2025-06-13,Calgary,Ticketmaster,7,754.00,2025,14,30800,,,,,,,,
2025-06-13,Edmonton,Archtics,0,0.00,2025,7,15400,,,,,,,,
2025-06-13,Edmonton,Ticketmaster,2,139.00,2025,7,15400,,,,,,,,
2025-06-14,Calgary,Archtics,0,0.00,2025,14,30800,,,,,,,,
2025-06-14,Calgary,Ticketmaster,11,914.00,2025,14,30800,,,,,,,,
2025-06-14,Edmonton,Archtics,0,0.00,2025,7,15400,,,,,,,,
2025-06-14,Edmonton,Ticketmaster,0,0.00,2025,7,15400,,,,,,,,
2025-06-15,Calgary,Archtics,4,294.00,2025,14,30800,,,,,,,,
2025-06-15,Calgary,Ticketmaster,2,323.00,2025,14,30800,,,,,,,,
2025-06-15,Edmonton,Archtics,0,0.00,2025,7,15400,,,,,,,,
2025-06-15,Edmonton,Ticketmaster,3,409.00,2025,7,15400,,,,,,,,
2025-06-16,Calgary,Archtics,0,0.00,2025,14,30800,,,,,,,,
2025-06-16,Calgary,Ticketmaster,8,1024.00,2025,14,30800,,,,,,,,
2025-06-16,Edmonton,Archtics,0,0.00,2025,7,15400,,,,,,,,
2025-06-16,Edmonton,Ticketmaster,3,208.00,2025,7,15400,,,,,,,,
2025-06-17,Calgary,Archtics,11,1342.00,2025,14,30800,,,,,,,,
2025-06-17,Calgary,Ticketmaster,10,1013.00,2025,14,30800,,,,,,,,
2025-06-17,Edmonton,Archtics,2,212.00,2025,7,15400,,,,,,,,
2025-06-17,Edmonton,Ticketmaster,12,1513.00,2025,7,15400,,,,,,,,
2025-06-18,Calgary,Archtics,8,1070.00,2025,14,30800,,,,,,,,
2025-06-18,Calgary,Ticketmaster,2,189.00,2025,14,30800,,,,,,,,
2025-06-18,Edmonton,Archtics,18,1175.00,2025,7,15400,,,,,,,,
2025-06-18,Edmonton,Ticketmaster,3,459.00,2025,7,15400,,,,,,,,
2025-06-19,Calgary,Archtics,0,0.00,2025,14,30800,,,,,,,,
2025-06-19,Calgary,Ticketmaster,7,871.00,2025,14,30800,,,,,,,,
2025-06-19,Edmonton,Archtics,0,0.00,2025,7,15400,,,,,,,,
2025-06-19,Edmonton,Ticketmaster,1,69.00,2025,7,15400,,,,,,,,
2025-06-20,Calgary,Archtics,0,0.00,2025,14,30800,,,,,,,,
2025-06-20,Calgary,Ticketmaster,5,632.00,2025,14,30800,,,,,,,,
2025-06-20,Edmonton,Archtics,0,0.00,2025,7,15400,,,,,,,,
2025-06-20,Edmonton,Ticketmaster,4,546.00,2025,7,15400,,,,,,,,
2025-06-21,Calgary,Archtics,4,538.00,2025,14,30800,,,,,,,,
2025-06-21,Calgary,Ticketmaster,9,1378.00,2025,14,30800,,,,,,,,
2025-06-21,Edmonton,Archtics,0,0.00,2025,7,15400,,,,,,,,
2025-06-21,Edmonton,Ticketmaster,0,0.00,2025,7,15400,,,,,,,,
2025-06-22,Calgary,Archtics,0,0.00,2025,14,30800,,,,,,,,
2025-06-22,Calgary,Ticketmaster,7,955.00,2025,14,30800,,,,,,,,
2025-06-22,Edmonton,Archtics,0,0.00,2025,7,15400,,,,,,,,
2025-06-22,Edmonton,Ticketmaster,0,0.00,2025,7,15400,,,,,,,,
2025-06-23,Calgary,Archtics,0,0.00,2025,14,30800,,,,,,,,
2025-06-23,Calgary,Ticketmaster,2,189.00,2025,14,30800,,,,,,,,
2025-06-23,Edmonton,Archtics,0,0.00,2025,7,15400,,,,,,,,
2025-06-23,Edmonton,Ticketmaster,2,139.00,2025,7,15400,,,,,,,,
2025-06-24,Calgary,Archtics,0,0.00,2025,14,30800,,,,,,,,
2025-06-24,Calgary,Ticketmaster,4,328.00,2025,14,30800,,,,,,,,
2025-06-24,Edmonton,Archtics,0,0.00,2025,7,15400,,,,,,,,
2025-06-24,Edmonton,Ticketmaster,4,646.00,2025,7,15400,,,,,,,,
2025-06-25,Calgary,Archtics,1,54.00,2025,14,30800,,,,,,,,
2025-06-25,Calgary,Ticketmaster,6,417.00,2025,14,30800,,,,,,,,
2025-06-25,Edmonton,Archtics,2,109.00,2025,7,15400,,,,,,,,
2025-06-25,Edmonton,Ticketmaster,5,447.00,2025,7,15400,,,,,,,,
2025-06-26,Calgary,Archtics,0,0.00,2025,14,30800,,,,,,,,
2025-06-26,Calgary,Ticketmaster,10,1163.00,2025,14,30800,,,,,,,,
2025-06-26,Edmonton,Archtics,0,0.00,2025,7,15400,,,,,,,,
2025-06-26,Edmonton,Ticketmaster,11,1493.00,2025,7,15400,,,,,,,,
2025-06-27,Calgary,Archtics,4,489.00,2025,14,30800,,,,,,,,
2025-06-27,Calgary,Ticketmaster,3,283.00,2025,14,30800,,,,,,,,
2025-06-27,Edmonton,Archtics,0,0.00,2025,7,15400,,,,,,,,
2025-06-27,Edmonton,Ticketmaster,0,0.00,2025,7,15400,,,,,,,,
2025-06-28,Calgary,Archtics,0,0.00,2025,14,30800,,,,,,,,
2025-06-28,Calgary,Ticketmaster,2,349.00,2025,14,30800,,,,,,,,
2025-06-28,Edmonton,Archtics,0,0.00,2025,7,15400,,,,,,,,
2025-06-28,Edmonton,Ticketmaster,4,278.00,2025,7,15400,,,,,,,,
2025-06-29,Calgary,Archtics,0,0.00,2025,14,30800,,,,,,,,
2025-06-29,Calgary,Ticketmaster,8,656.00,2025,14,30800,,,,,,,,
2025-06-29,Edmonton,Archtics,0,0.00,2025,7,15400,,,,,,,,
2025-06-29,Edmonton,Ticketmaster,3,447.00,2025,7,15400,,,,,,,,
2025-06-30,Calgary,Archtics,-1,-159.00,2025,14,30800,,,,,,,,
2025-06-30,Calgary,Ticketmaster,5,682.00,2025,14,30800,,,,,,,,
2025-06-30,Edmonton,Archtics,2,318.00,2025,7,15400,,,,,,,,
2025-06-30,Edmonton,Ticketmaster,6,627.00,2025,7,15400,,,,,,,,
2025-07-01,Calgary,Archtics,0,0.00,2025,14,30800,,,,,,,,
2025-07-01,Calgary,Ticketmaster,15,1939.00,2025,14,30800,,,,,,,,
2025-07-01,Edmonton,Archtics,0,0.00,2025,7,15400,,,,,,,,
2025-07-01,Edmonton,Ticketmaster,10,1323.00,2025,7,15400,,,,,,,,
2025-07-02,Calgary,Archtics,7,514.00,2025,14,30800,,,,,,,,
2025-07-02,Calgary,Ticketmaster,12,1614.00,2025,14,30800,,,,,,,,
2025-07-02,Edmonton,Archtics,0,0.00,2025,7,15400,,,,,,,,
2025-07-02,Edmonton,Ticketmaster,4,378.00,2025,7,15400,,,,,,,,
2025-07-03,Calgary,Archtics,1,134.00,2025,14,30800,,,,,,,,
2025-07-03,Calgary,Ticketmaster,4,546.00,2025,14,30800,,,,,,,,
2025-07-03,Edmonton,Archtics,0,0.00,2025,7,15400,,,,,,,,
2025-07-03,Edmonton,Ticketmaster,5,472.00,2025,7,15400,,,,,,,,
2025-07-04,Calgary,Archtics,0,0.00,2025,14,30800,,,,,,,,
2025-07-04,Calgary,Ticketmaster,0,0.00,2025,14,30800,,,,,,,,
2025-07-04,Edmonton,Archtics,0,0.00,2025,7,15400,,,,,,,,
2025-07-04,Edmonton,Ticketmaster,6,517.00,2025,7,15400,,,,,,,,
2025-07-05,Calgary,Archtics,0,0.00,2025,14,30800,,,,,,,,
2025-07-05,Calgary,Ticketmaster,2,139.00,2025,14,30800,,,,,,,,
2025-07-05,Edmonton,Archtics,0,0.00,2025,7,15400,,,,,,,,
2025-07-05,Edmonton,Ticketmaster,5,472.00,2025,7,15400,,,,,,,,
2025-07-06,Calgary,Archtics,0,0.00,2025,14,30800,,,,,,,,
2025-07-06,Calgary,Ticketmaster,2,349.00,2025,14,30800,,,,,,,,
2025-07-06,Edmonton,Archtics,0,0.00,2025,7,15400,,,,,,,,
2025-07-06,Edmonton,Ticketmaster,2,349.00,2025,7,15400,,,,,,,,
2025-07-07,Calgary,Archtics,0,0.00,2025,14,30800,,,,,,,,
2025-07-07,Calgary,Ticketmaster,10,879.00,2025,14,30800,,,,,,,,
2025-07-07,Edmonton,Archtics,3,388.00,2025,7,15400,,,,,,,,
2025-07-07,Edmonton,Ticketmaster,6,567.00,2025,7,15400,,,,,,,,
2025-07-08,Calgary,Archtics,0,0.00,2025,14,30800,,,,,,,,
2025-07-08,Calgary,Ticketmaster,18,2020.00,2025,14,30800,,,,,,,,
2025-07-08,Edmonton,Archtics,3,331.00,2025,7,15400,,,,,,,,
2025-07-08,Edmonton,Ticketmaster,5,347.00,2025,7,15400,,,,,,,,
2025-07-09,Calgary,Archtics,4,195.00,2025,14,30800,,,,,,,,
2025-07-09,Calgary,Ticketmaster,0,0.00,2025,14,30800,,,,,,,,
2025-07-09,Edmonton,Archtics,0,0.00,2025,7,15400,,,,,,,,
2025-07-09,Edmonton,Ticketmaster,6,727.00,2025,7,15400,,,,,,,,
2025-07-10,Calgary,Archtics,2,269.00,2025,14,30800,,,,,,,,
2025-07-10,Calgary,Ticketmaster,0,0.00,2025,14,30800,,,,,,,,
2025-07-10,Edmonton,Archtics,0,0.00,2025,7,15400,,,,,,,,
2025-07-10,Edmonton,Ticketmaster,5,347.00,2025,7,15400,,,,,,,,
2025-07-11,Calgary,Archtics,2,308.00,2025,14,30800,,,,,,,,
2025-07-11,Calgary,Ticketmaster,12,1724.00,2025,14,30800,,,,,,,,
2025-07-11,Edmonton,Archtics,0,0.00,2025,7,15400,,,,,,,,
2025-07-11,Edmonton,Ticketmaster,0,0.00,2025,7,15400,,,,,,,,
2025-07-12,Calgary,Archtics,0,0.00,2025,14,30800,,,,,,,,
2025-07-12,Calgary,Ticketmaster,12,1865.00,2025,14,30800,,,,,,,,
2025-07-12,Edmonton,Archtics,0,0.00,2025,7,15400,,,,,,,,
2025-07-12,Edmonton,Ticketmaster,2,189.00,2025,7,15400,,,,,,,,
2025-07-13,Calgary,Archtics,0,0.00,2025,14,30800,,,,,,,,
2025-07-13,Calgary,Ticketmaster,3,208.00,2025,14,30800,,,,,,,,
2025-07-13,Edmonton,Archtics,0,0.00,2025,7,15400,,,,,,,,
2025-07-13,Edmonton,Ticketmaster,2,323.00,2025,7,15400,,,,,,,,
2025-07-14,Calgary,Archtics,0,0.00,2025,14,30800,,,,,,,,
2025-07-14,Calgary,Ticketmaster,9,1152.00,2025,14,30800,,,,,,,,
2025-07-14,Edmonton,Archtics,0,0.00,2025,7,15400,,,,,,,,
2025-07-14,Edmonton,Ticketmaster,5,422.00,2025,7,15400,,,,,,,,
2025-07-15,Calgary,Archtics,2,318.00,2025,14,30800,,,,,,,,
2025-07-15,Calgary,Ticketmaster,12,1454.00,2025,14,30800,,,,,,,,
2025-07-15,Edmonton,Archtics,0,0.00,2025,7,15400,,,,,,,,
2025-07-15,Edmonton,Ticketmaster,12,1118.00,2025,7,15400,,,,,,,,
2025-07-16,Calgary,Archtics,2,115.00,2025,14,30800,,,,,,,,
2025-07-16,Calgary,Ticketmaster,2,415.00,2025,14,30800,,,,,,,,
2025-07-16,Edmonton,Archtics,0,0.00,2025,7,15400,,,,,,,,
2025-07-16,Edmonton,Ticketmaster,3,258.00,2025,7,15400,,,,,,,,
2025-07-17,Calgary,Archtics,2,318.00,2025,14,30800,,,,,,,,
2025-07-17,Calgary,Ticketmaster,5,472.00,2025,14,30800,,,,,,,,
2025-07-17,Edmonton,Archtics,0,0.00,2025,7,15400,,,,,,,,
2025-07-17,Edmonton,Ticketmaster,4,546.00,2025,7,15400,,,,,,,,
2025-07-18,Calgary,Archtics,3,293.00,2025,14,30800,,,,,,,,
2025-07-18,Calgary,Ticketmaster,5,623.00,2025,14,30800,,,,,,,,
2025-07-18,Edmonton,Archtics,0,0.00,2025,7,15400,,,,,,,,
2025-07-18,Edmonton,Ticketmaster,0,0.00,2025,7,15400,,,,,,,,
2025-07-19,Calgary,Archtics,0,0.00,2025,14,30800,,,,,,,,
2025-07-19,Calgary,Ticketmaster,9,1250.00,2025,14,30800,,,,,,,,
2025-07-19,Edmonton,Archtics,0,0.00,2025,7,15400,,,,,,,,
2025-07-19,Edmonton,Ticketmaster,8,1016.00,2025,7,15400,,,,,,,,
2025-07-20,Calgary,Archtics,0,0.00,2025,14,30800,,,,,,,,
2025-07-20,Calgary,Ticketmaster,14,1256.00,2025,14,30800,,,,,,,,
2025-07-20,Edmonton,Archtics,0,0.00,2025,7,15400,,,,,,,,
2025-07-20,Edmonton,Ticketmaster,11,1208.00,2025,7,15400,,,,,,,,
2025-07-21,Calgary,Archtics,0,0.00,2025,14,30800,,,,,,,,
2025-07-21,Calgary,Ticketmaster,3,409.00,2025,14,30800,,,,,,,,
2025-07-21,Edmonton,Archtics,0,0.00,2025,7,15400,,,,,,,,
2025-07-21,Edmonton,Ticketmaster,5,712.00,2025,7,15400,,,,,,,,
2025-07-22,Calgary,Archtics,0,0.00,2025,14,30800,,,,,,,,
2025-07-22,Calgary,Ticketmaster,6,417.00,2025,14,30800,,,,,,,,
2025-07-22,Edmonton,Archtics,0,0.00,2025,7,15400,,,,,,,,
2025-07-22,Edmonton,Ticketmaster,13,1337.00,2025,7,15400,,,,,,,,
2025-07-23,Calgary,Archtics,4,264.00,2025,14,30800,,,,,,,,
2025-07-23,Calgary,Ticketmaster,41,4804.00,2025,14,30800,,,,,,,,
2025-07-23,Edmonton,Archtics,2,308.00,2025,7,15400,,,,,,,,
2025-07-23,Edmonton,Ticketmaster,9,1086.00,2025,7,15400,,,,,,,,
2025-07-24,Calgary,Archtics,0,0.00,2025,14,30800,,,,,,,,
2025-07-24,Calgary,Ticketmaster,6,417.00,2025,14,30800,,,,,,,,
2025-07-24,Edmonton,Archtics,0,0.00,2025,7,15400,,,,,,,,
2025-07-24,Edmonton,Ticketmaster,16,1785.00,2025,7,15400,,,,,,,,
2025-07-25,Calgary,Archtics,62,6040.00,2025,14,30800,,,,,,,,
2025-07-25,Calgary,Ticketmaster,19,1872.00,2025,14,30800,,,,,,,,
2025-07-25,Edmonton,Archtics,5,367.00,2025,7,15400,,,,,,,,
2025-07-25,Edmonton,Ticketmaster,4,512.00,2025,7,15400,,,,,,,,
2025-07-26,Calgary,Archtics,0,0.00,2025,14,30800,,,,,,,,
2025-07-26,Calgary,Ticketmaster,4,328.00,2025,14,30800,,,,,,,,
2025-07-26,Edmonton,Archtics,0,0.00,2025,7,15400,,,,,,,,
2025-07-26,Edmonton,Ticketmaster,6,567.00,2025,7,15400,,,,,,,,
2025-07-27,Calgary,Archtics,6,327.00,2025,14,30800,,,,,,,,
2025-07-27,Calgary,Ticketmaster,5,698.00,2025,14,30800,,,,,,,,
2025-07-27,Edmonton,Archtics,0,0.00,2025,7,15400,,,,,,,,
2025-07-27,Edmonton,Ticketmaster,6,701.00,2025,7,15400,,,,,,,,
2025-07-28,Calgary,Archtics,0,0.00,2025,14,30800,,,,,,,,
2025-07-28,Calgary,Ticketmaster,6,945.00,2025,14,30800,,,,,,,,
2025-07-28,Edmonton,Archtics,2,155.00,2025,7,15400,,,,,,,,
2025-07-28,Edmonton,Ticketmaster,12,1478.00,2025,7,15400,,,,,,,,
2025-07-29,Calgary,Archtics,2,90.00,2025,14,30800,,,,,,,,
2025-07-29,Calgary,Ticketmaster,16,1831.00,2025,14,30800,,,,,,,,
2025-07-29,Edmonton,Archtics,0,0.00,2025,7,15400,,,,,,,,
2025-07-29,Edmonton,Ticketmaster,16,1537.00,2025,7,15400,,,,,,,,
2025-07-30,Calgary,Archtics,0,0.00,2025,14,30800,,,,,,,,
2025-07-30,Calgary,Ticketmaster,5,938.00,2025,14,30800,,,,,,,,
2025-07-30,Edmonton,Archtics,0,0.00,2025,7,15400,,,,,,,,
2025-07-30,Edmonton,Ticketmaster,9,984.00,2025,7,15400,,,,,,,,
2025-07-31,Calgary,Archtics,3,318.00,2025,14,30800,,,,,,,,
2025-07-31,Calgary,Ticketmaster,22,2289.00,2025,14,30800,,,,,,,,
2025-07-31,Edmonton,Archtics,2,264.00,2025,7,15400,,,,,,,,
2025-07-31,Edmonton,Ticketmaster,16,1897.00,2025,7,15400,,,,,,,,
2025-08-01,Calgary,Archtics,0,0.00,2025,14,30800,,,,,,,,
2025-08-01,Calgary,Ticketmaster,12,934.00,2025,14,30800,,,,,,,,
2025-08-01,Edmonton,Archtics,2,155.00,2025,7,15400,,,,,,,,
2025-08-01,Edmonton,Ticketmaster,2,189.00,2025,7,15400,,,,,,,,
2025-08-02,Calgary,Archtics,27,2711.00,2025,14,30800,,,,,,,,
2025-08-02,Calgary,Ticketmaster,10,1222.00,2025,14,30800,,,,,,,,
2025-08-02,Edmonton,Archtics,2,250.00,2025,7,15400,,,,,,,,
2025-08-02,Edmonton,Ticketmaster,2,349.00,2025,7,15400,,,,,,,,
2025-08-03,Calgary,Archtics,0,0.00,2025,14,30800,,,,,,,,
2025-08-03,Calgary,Ticketmaster,21,2422.00,2025,14,30800,,,,,,,,
2025-08-03,Edmonton,Archtics,0,0.00,2025,7,15400,,,,,,,,
2025-08-03,Edmonton,Ticketmaster,4,328.00,2025,7,15400,,,,,,,,
2025-08-04,Calgary,Archtics,0,0.00,2025,14,30800,,,,,,,,
2025-08-04,Calgary,Ticketmaster,19,2147.00,2025,14,30800,,,,,,,,
2025-08-04,Edmonton,Archtics,4,572.00,2025,7,15400,,,,,,,,
2025-08-04,Edmonton,Ticketmaster,21,2664.00,2025,7,15400,,,,,,,,
2025-08-05,Calgary,Archtics,7,995.00,2025,14,30800,,,,,,,,
2025-08-05,Calgary,Ticketmaster,9,1294.00,2025,14,30800,,,,,,,,
2025-08-05,Edmonton,Archtics,0,0.00,2025,7,15400,,,,,,,,
2025-08-05,Edmonton,Ticketmaster,10,1297.00,2025,7,15400,,,,,,,,
2025-08-06,Calgary,Archtics,14,1421.00,2025,14,30800,,,,,,,,
2025-08-06,Calgary,Ticketmaster,7,561.00,2025,14,30800,,,,,,,,
2025-08-06,Edmonton,Archtics,0,0.00,2025,7,15400,,,,,,,,
2025-08-06,Edmonton,Ticketmaster,0,0.00,2025,7,15400,,,,,,,,
2025-08-07,Calgary,Archtics,6,714.00,2025,14,30800,,,,,,,,
2025-08-07,Calgary,Ticketmaster,20,2635.00,2025,14,30800,,,,,,,,
2025-08-07,Edmonton,Archtics,6,874.00,2025,7,15400,,,,,,,,
2025-08-07,Edmonton,Ticketmaster,2,323.00,2025,7,15400,,,,,,,,
2025-08-08,Calgary,Archtics,0,0.00,2025,14,30800,,,,,,,,
2025-08-08,Calgary,Ticketmaster,23,2293.00,2025,14,30800,,,,,,,,
2025-08-08,Edmonton,Archtics,2,269.00,2025,7,15400,,,,,,,,
2025-08-08,Edmonton,Ticketmaster,6,919.00,2025,7,15400,,,,,,,,
2025-08-09,Calgary,Archtics,0,0.00,2025,14,30800,,,,,,,,
2025-08-09,Calgary,Ticketmaster,2,189.00,2025,14,30800,,,,,,,,
2025-08-09,Edmonton,Archtics,0,0.00,2025,7,15400,,,,,,,,
2025-08-09,Edmonton,Ticketmaster,4,378.00,2025,7,15400,,,,,,,,
2025-08-10,Calgary,Archtics,4,538.00,2025,14,30800,,,,,,,,
2025-08-10,Calgary,Ticketmaster,13,1594.00,2025,14,30800,,,,,,,,
2025-08-10,Edmonton,Archtics,0,0.00,2025,7,15400,,,,,,,,
2025-08-10,Edmonton,Ticketmaster,11,1576.00,2025,7,15400,,,,,,,,
2025-08-11,Calgary,Archtics,4,435.00,2025,14,30800,,,,,,,,
2025-08-11,Calgary,Ticketmaster,21,1759.00,2025,14,30800,,,,,,,,
2025-08-11,Edmonton,Archtics,0,0.00,2025,7,15400,,,,,,,,
2025-08-11,Edmonton,Ticketmaster,0,0.00,2025,7,15400,,,,,,,,
2025-08-12,Calgary,Archtics,3,131.00,2025,14,30800,,,,,,,,
2025-08-12,Calgary,Ticketmaster,0,0.00,2025,14,30800,,,,,,,,
2025-08-12,Edmonton,Archtics,2,264.00,2025,7,15400,,,,,,,,
2025-08-12,Edmonton,Ticketmaster,11,939.00,2025,7,15400,,,,,,,,
2025-08-13,Calgary,Archtics,4,419.00,2025,14,30800,,,,,,,,
2025-08-13,Calgary,Ticketmaster,10,929.00,2025,14,30800,,,,,,,,
2025-08-13,Edmonton,Archtics,0,0.00,2025,7,15400,,,,,,,,
2025-08-13,Edmonton,Ticketmaster,3,208.00,2025,7,15400,,,,,,,,
2025-08-14,Calgary,Archtics,6,484.00,2025,14,30800,,,,,,,,
2025-08-14,Calgary,Ticketmaster,15,1501.00,2025,14,30800,,,,,,,,
2025-08-14,Edmonton,Archtics,0,0.00,2025,7,15400,,,,,,,,
2025-08-14,Edmonton,Ticketmaster,2,139.00,2025,7,15400,,,,,,,,
2025-08-15,Calgary,Archtics,7,759.00,2025,14,30800,,,,,,,,
2025-08-15,Calgary,Ticketmaster,24,2252.00,2025,14,30800,,,,,,,,
2025-08-15,Edmonton,Archtics,0,0.00,2025,7,15400,,,,,,,,
2025-08-15,Edmonton,Ticketmaster,13,1792.00,2025,7,15400,,,,,,,,
2025-08-16,Calgary,Archtics,4,538.00,2025,14,30800,,,,,,,,
2025-08-16,Calgary,Ticketmaster,5,422.00,2025,14,30800,,,,,,,,
2025-08-16,Edmonton,Archtics,0,0.00,2025,7,15400,,,,,,,,
2025-08-16,Edmonton,Ticketmaster,13,953.00,2025,7,15400,,,,,,,,
2025-08-17,Calgary,Archtics,3,403.00,2025,14,30800,,,,,,,,
2025-08-17,Calgary,Ticketmaster,30,3431.00,2025,14,30800,,,,,,,,
2025-08-17,Edmonton,Archtics,0,0.00,2025,7,15400,,,,,,,,
2025-08-17,Edmonton,Ticketmaster,13,1396.00,2025,7,15400,,,,,,,,
2025-08-18,Calgary,Archtics,15,1138.00,2025,14,30800,,,,,,,,
2025-08-18,Calgary,Ticketmaster,21,2059.00,2025,14,30800,,,,,,,,
2025-08-18,Edmonton,Archtics,0,0.00,2025,7,15400,,,,,,,,
2025-08-18,Edmonton,Ticketmaster,14,1456.00,2025,7,15400,,,,,,,,
2025-08-19,Calgary,Archtics,0,0.00,2025,14,30800,,,,,,,,
2025-08-19,Calgary,Ticketmaster,23,3060.00,2025,14,30800,,,,,,,,
2025-08-19,Edmonton,Archtics,0,0.00,2025,7,15400,,,,,,,,
2025-08-19,Edmonton,Ticketmaster,16,1461.00,2025,7,15400,,,,,,,,
2025-08-20,Calgary,Archtics,3,326.00,2025,14,30800,,,,,,,,
2025-08-20,Calgary,Ticketmaster,18,1961.00,2025,14,30800,,,,,,,,
2025-08-20,Edmonton,Archtics,0,0.00,2025,7,15400,,,,,,,,
2025-08-20,Edmonton,Ticketmaster,14,1156.00,2025,7,15400,,,,,,,,
2025-08-21,Calgary,Archtics,11,1166.00,2025,14,30800,,,,,,,,
2025-08-21,Calgary,Ticketmaster,13,1555.00,2025,14,30800,,,,,,,,
2025-08-21,Edmonton,Archtics,0,0.00,2025,7,15400,,,,,,,,
2025-08-21,Edmonton,Ticketmaster,5,372.00,2025,7,15400,,,,,,,,
2025-08-22,Calgary,Archtics,2,90.00,2025,14,30800,,,,,,,,
2025-08-22,Calgary,Ticketmaster,16,1446.00,2025,14,30800,,,,,,,,
2025-08-22,Edmonton,Archtics,0,0.00,2025,7,15400,,,,,,,,
2025-08-22,Edmonton,Ticketmaster,10,1431.00,2025,7,15400,,,,,,,,
2025-08-23,Calgary,Archtics,0,0.00,2025,14,30800,,,,,,,,
2025-08-23,Calgary,Ticketmaster,15,1092.00,2025,14,30800,,,,,,,,
2025-08-23,Edmonton,Archtics,0,0.00,2025,7,15400,,,,,,,,
2025-08-23,Edmonton,Ticketmaster,12,1327.00,2025,7,15400,,,,,,,,
2025-08-24,Calgary,Archtics,0,0.00,2025,14,30800,,,,,,,,
2025-08-24,Calgary,Ticketmaster,19,1670.00,2025,14,30800,,,,,,,,
2025-08-24,Edmonton,Archtics,0,0.00,2025,7,15400,,,,,,,,
2025-08-24,Edmonton,Ticketmaster,6,627.00,2025,7,15400,,,,,,,,
2025-08-25,Calgary,Archtics,3,359.00,2025,14,30800,,,,,,,,
2025-08-25,Calgary,Ticketmaster,14,1691.00,2025,14,30800,,,,,,,,
2025-08-25,Edmonton,Archtics,1,54.00,2025,7,15400,,,,,,,,
2025-08-25,Edmonton,Ticketmaster,8,656.00,2025,7,15400,,,,,,,,
2025-08-26,Calgary,Archtics,0,0.00,2025,14,30800,,,,,,,,
2025-08-26,Calgary,Ticketmaster,12,1009.00,2025,14,30800,,,,,,,,
2025-08-26,Edmonton,Archtics,2,166.00,2025,7,15400,,,,,,,,
2025-08-26,Edmonton,Ticketmaster,3,409.00,2025,7,15400,,,,,,,,
2025-08-27,Calgary,Archtics,0,0.00,2025,14,30800,,,,,,,,
2025-08-27,Calgary,Ticketmaster,13,1780.00,2025,14,30800,,,,,,,,
2025-08-27,Edmonton,Archtics,2,147.00,2025,7,15400,,,,,,,,
2025-08-27,Edmonton,Ticketmaster,12,1319.00,2025,7,15400,,,,,,,,
2025-08-28,Calgary,Archtics,4,347.00,2025,14,30800,,,,,,,,
2025-08-28,Calgary,Ticketmaster,19,2166.00,2025,14,30800,,,,,,,,
2025-08-28,Edmonton,Archtics,1,106.00,2025,7,15400,,,,,,,,
2025-08-28,Edmonton,Ticketmaster,10,895.00,2025,7,15400,,,,,,,,
2025-08-29,Calgary,Archtics,2,269.00,2025,14,30800,,,,,,,,
2025-08-29,Calgary,Ticketmaster,16,1957.00,2025,14,30800,,,,,,,,
2025-08-29,Edmonton,Archtics,4,445.00,2025,7,15400,,,,,,,,
2025-08-29,Edmonton,Ticketmaster,19,3261.00,2025,7,15400,,,,,,,,
2025-08-30,Calgary,Archtics,0,0.00,2025,14,30800,,,,,,,,
2025-08-30,Calgary,Ticketmaster,21,2571.00,2025,14,30800,,,,,,,,
2025-08-30,Edmonton,Archtics,0,0.00,2025,7,15400,,,,,,,,
2025-08-30,Edmonton,Ticketmaster,8,1176.00,2025,7,15400,,,,,,,,
2025-08-31,Calgary,Archtics,3,336.00,2025,14,30800,,,,,,,,
2025-08-31,Calgary,Ticketmaster,15,1226.00,2025,14,30800,,,,,,,,
2025-08-31,Edmonton,Archtics,0,0.00,2025,7,15400,,,,,,,,
2025-08-31,Edmonton,Ticketmaster,15,1092.00,2025,7,15400,,,,,,,,
2025-09-01,Calgary,Archtics,0,0.00,2025,14,30800,,,,,,,,
2025-09-01,Calgary,Ticketmaster,16,1554.00,2025,14,30800,,,,,,,,
2025-09-01,Edmonton,Archtics,0,0.00,2025,7,15400,,,,,,,,
2025-09-01,Edmonton,Ticketmaster,18,1819.00,2025,7,15400,,,,,,,,
2025-09-02,Calgary,Archtics,2,269.00,2025,14,30800,,,,,,,,
2025-09-02,Calgary,Ticketmaster,16,1437.00,2025,14,30800,,,,,,,,
2025-09-02,Edmonton,Archtics,29,2271.00,2025,7,15400,,,,,,,,
2025-09-02,Edmonton,Ticketmaster,2,273.00,2025,7,15400,,,,,,,,
2025-09-03,Calgary,Archtics,12,1252.00,2025,14,30800,,,,,,,,
2025-09-03,Calgary,Ticketmaster,13,1413.00,2025,14,30800,,,,,,,,
2025-09-03,Edmonton,Archtics,5,768.00,2025,7,15400,,,,,,,,
2025-09-03,Edmonton,Ticketmaster,3,418.00,2025,7,15400,,,,,,,,
2025-09-04,Calgary,Archtics,4,416.00,2025,14,30800,,,,,,,,
2025-09-04,Calgary,Ticketmaster,23,2418.00,2025,14,30800,,,,,,,,
2025-09-04,Edmonton,Archtics,8,705.00,2025,7,15400,,,,,,,,
2025-09-04,Edmonton,Ticketmaster,17,2184.00,2025,7,15400,,,,,,,,
2025-09-05,Calgary,Archtics,29,2139.00,2025,14,30800,,,,,,,,
2025-09-05,Calgary,Ticketmaster,11,850.00,2025,14,30800,,,,,,,,
2025-09-05,Edmonton,Archtics,0,0.00,2025,7,15400,,,,,,,,
2025-09-05,Edmonton,Ticketmaster,23,2648.00,2025,7,15400,,,,,,,,
2025-09-06,Calgary,Archtics,2,109.00,2025,14,30800,,,,,,,,
2025-09-06,Calgary,Ticketmaster,16,1111.00,2025,14,30800,,,,,,,,
2025-09-06,Edmonton,Archtics,0,0.00,2025,7,15400,,,,,,,,
2025-09-06,Edmonton,Ticketmaster,13,1606.00,2025,7,15400,,,,,,,,
2025-09-07,Calgary,Archtics,3,326.00,2025,14,30800,,,,,,,,
2025-09-07,Calgary,Ticketmaster,33,3807.00,2025,14,30800,,,,,,,,
2025-09-07,Edmonton,Archtics,0,0.00,2025,7,15400,,,,,,,,
2025-09-07,Edmonton,Ticketmaster,18,2208.00,2025,7,15400,,,,,,,,
2025-09-08,Calgary,Archtics,10,723.00,2025,14,30800,,,,,,,,
2025-09-08,Calgary,Ticketmaster,32,3656.00,2025,14,30800,,,,,,,,
2025-09-08,Edmonton,Archtics,0,0.00,2025,7,15400,,,,,,,,
2025-09-08,Edmonton,Ticketmaster,9,700.00,2025,7,15400,,,,,,,,
2025-09-09,Calgary,Archtics,22,3310.00,2025,14,30800,,,,,,,,
2025-09-09,Calgary,Ticketmaster,31,3081.00,2025,14,30800,,,,,,,,
2025-09-09,Edmonton,Archtics,2,269.00,2025,7,15400,,,,,,,,
2025-09-09,Edmonton,Ticketmaster,31,3469.00,2025,7,15400,,,,,,,,
2025-09-10,Calgary,Archtics,11,547.00,2025,14,30800,,,,,,,,
2025-09-10,Calgary,Ticketmaster,18,2238.00,2025,14,30800,,,,,,,,
2025-09-10,Edmonton,Archtics,7,438.00,2025,7,15400,,,,,,,,
2025-09-10,Edmonton,Ticketmaster,16,1885.00,2025,7,15400,,,,,,,,
2025-09-11,Calgary,Archtics,8,837.00,2025,14,30800,,,,,,,,
2025-09-11,Calgary,Ticketmaster,21,2696.00,2025,14,30800,,,,,,,,
2025-09-11,Edmonton,Archtics,0,0.00,2025,7,15400,,,,,,,,
2025-09-11,Edmonton,Ticketmaster,18,1684.00,2025,7,15400,,,,,,,,
2025-09-12,Calgary,Archtics,13,1523.00,2025,14,30800,,,,,,,,
2025-09-12,Calgary,Ticketmaster,23,2400.00,2025,14,30800,,,,,,,,
2025-09-12,Edmonton,Archtics,0,0.00,2025,7,15400,,,,,,,,
2025-09-12,Edmonton,Ticketmaster,11,1391.00,2025,7,15400,,,,,,,,
2025-09-13,Calgary,Archtics,0,0.00,2025,14,30800,,,,,,,,
2025-09-13,Calgary,Ticketmaster,28,2882.00,2025,14,30800,,,,,,,,
2025-09-13,Edmonton,Archtics,0,0.00,2025,7,15400,,,,,,,,
2025-09-13,Edmonton,Ticketmaster,8,1183.00,2025,7,15400,,,,,,,,
2025-09-14,Calgary,Archtics,8,759.00,2025,14,30800,,,,,,,,
2025-09-14,Calgary,Ticketmaster,26,2801.00,2025,14,30800,,,,,,,,
2025-09-14,Edmonton,Archtics,0,0.00,2025,7,15400,,,,,,,,
2025-09-14,Edmonton,Ticketmaster,10,1197.00,2025,7,15400,,,,,,,,
2025-09-15,Calgary,Archtics,9,1251.00,2025,14,30800,,,,,,,,
2025-09-15,Calgary,Ticketmaster,63,8260.00,2025,14,30800,,,,,,,,
2025-09-15,Edmonton,Archtics,5,586.00,2025,7,15400,,,,,,,,
2025-09-15,Edmonton,Ticketmaster,33,3353.00,2025,7,15400,,,,,,,,
2025-09-16,Calgary,Archtics,4,567.00,2025,14,30800,,,,,,,,
2025-09-16,Calgary,Ticketmaster,14,1499.00,2025,14,30800,,,,,,,,
2025-09-16,Edmonton,Archtics,42,2008.00,2025,7,15400,,,,,,,,
2025-09-16,Edmonton,Ticketmaster,9,824.00,2025,7,15400,,,,,,,,
2025-09-17,Calgary,Archtics,0,0.00,2025,14,30800,,,,,,,,
2025-09-17,Calgary,Ticketmaster,29,2648.00,2025,14,30800,,,,,,,,
2025-09-17,Edmonton,Archtics,2,147.00,2025,7,15400,,,,,,,,
2025-09-17,Edmonton,Ticketmaster,22,2532.00,2025,7,15400,,,,,,,,
2025-09-18,Calgary,Archtics,7,687.00,2025,14,30800,,,,,,,,
2025-09-18,Calgary,Ticketmaster,20,2091.00,2025,14,30800,,,,,,,,
2025-09-18,Edmonton,Archtics,2,240.00,2025,7,15400,,,,,,,,
2025-09-18,Edmonton,Ticketmaster,34,3399.00,2025,7,15400,,,,,,,,
2025-09-19,Calgary,Archtics,22,1754.00,2025,14,30800,,,,,,,,
2025-09-19,Calgary,Ticketmaster,89,8699.00,2025,14,30800,,,,,,,,
2025-09-19,Edmonton,Archtics,5,440.00,2025,7,15400,,,,,,,,
2025-09-19,Edmonton,Ticketmaster,19,2310.00,2025,7,15400,,,,,,,,
2025-09-20,Calgary,Archtics,0,0.00,2025,14,30800,,,,,,,,
2025-09-20,Calgary,Ticketmaster,23,2267.00,2025,14,30800,,,,,,,,
2025-09-20,Edmonton,Archtics,1,73.00,2025,7,15400,,,,,,,,
2025-09-20,Edmonton,Ticketmaster,12,1353.00,2025,7,15400,,,,,,,,
2025-09-21,Calgary,Archtics,4,294.00,2025,14,30800,,,,,,,,
2025-09-21,Calgary,Ticketmaster,50,5356.00,2025,14,30800,,,,,,,,
2025-09-21,Edmonton,Archtics,4,568.00,2025,7,15400,,,,,,,,
2025-09-21,Edmonton,Ticketmaster,19,1930.00,2025,7,15400,,,,,,,,
2025-09-22,Calgary,Archtics,0,0.00,2025,14,30800,,,,,,,,
2025-09-22,Calgary,Ticketmaster,45,5513.00,2025,14,30800,,,,,,,,
2025-09-22,Edmonton,Archtics,2,313.00,2025,7,15400,,,,,,,,
2025-09-22,Edmonton,Ticketmaster,20,2221.00,2025,7,15400,,,,,,,,
2025-09-23,Calgary,Archtics,8,645.00,2025,14,30800,,,,,,,,
2025-09-23,Calgary,Ticketmaster,33,2933.00,2025,14,30800,,,,,,,,
2025-09-23,Edmonton,Archtics,2,147.00,2025,7,15400,,,,,,,,
2025-09-23,Edmonton,Ticketmaster,24,2689.00,2025,7,15400,,,,,,,,
2025-09-24,Calgary,Archtics,0,0.00,2025,14,30800,,,,,,,,
2025-09-24,Calgary,Ticketmaster,46,4287.00,2025,14,30800,,,,,,,,
2025-09-24,Edmonton,Archtics,4,508.00,2025,7,15400,,,,,,,,
2025-09-24,Edmonton,Ticketmaster,35,4360.00,2025,7,15400,,,,,,,,
2025-09-25,Calgary,Archtics,0,0.00,2025,14,30800,,,,,,,,
2025-09-25,Calgary,Ticketmaster,22,2298.00,2025,14,30800,,,,,,,,
2025-09-25,Edmonton,Archtics,5,769.00,2025,7,15400,,,,,,,,
2025-09-25,Edmonton,Ticketmaster,20,2059.00,2025,7,15400,,,,,,,,
2025-09-26,Calgary,Archtics,0,0.00,2025,14,30800,,,,,,,,
2025-09-26,Calgary,Ticketmaster,48,5250.00,2025,14,30800,,,,,,,,
2025-09-26,Edmonton,Archtics,2,212.00,2025,7,15400,,,,,,,,
2025-09-26,Edmonton,Ticketmaster,17,1984.00,2025,7,15400,,,,,,,,
2025-09-27,Calgary,Archtics,0,0.00,2025,14,30800,,,,,,,,
2025-09-27,Calgary,Ticketmaster,37,3631.00,2025,14,30800,,,,,,,,
2025-09-27,Edmonton,Archtics,0,0.00,2025,7,15400,,,,,,,,
2025-09-27,Edmonton,Ticketmaster,24,2370.00,2025,7,15400,,,,,,,,
2025-09-28,Calgary,Archtics,11,969.00,2025,14,30800,,,,,,,,
2025-09-28,Calgary,Ticketmaster,50,5608.00,2025,14,30800,,,,,,,,
2025-09-28,Edmonton,Archtics,4,416.00,2025,7,15400,,,,,,,,
2025-09-28,Edmonton,Ticketmaster,14,1381.00,2025,7,15400,,,,,,,,
2025-09-29,Calgary,Archtics,10,1120.00,2025,14,30800,,,,,,,,
2025-09-29,Calgary,Ticketmaster,47,4521.00,2025,14,30800,,,,,,,,
2025-09-29,Edmonton,Archtics,7,688.00,2025,7,15400,,,,,,,,
2025-09-29,Edmonton,Ticketmaster,6,492.00,2025,7,15400,,,,,,,,
2025-09-30,Calgary,Archtics,6,662.00,2025,14,30800,,,,,,,,
2025-09-30,Calgary,Ticketmaster,30,3037.00,2025,14,30800,,,,,,,,
2025-09-30,Edmonton,Archtics,0,0.00,2025,7,15400,,,,,,,,
2025-09-30,Edmonton,Ticketmaster,27,2719.00,2025,7,15400,,,,,,,,
2025-10-01,Calgary,Archtics,74,6468.00,2025,14,30800,,,,,,,,
2025-10-01,Calgary,Ticketmaster,28,2705.00,2025,14,30800,,,,,,,,
2025-10-01,Edmonton,Archtics,34,3268.00,2025,7,15400,,,,,,,,
2025-10-01,Edmonton,Ticketmaster,19,2441.00,2025,7,15400,,,,,,,,
2025-10-02,Calgary,Archtics,20,1832.00,2025,14,30800,,,,,,,,
2025-10-02,Calgary,Ticketmaster,31,3698.00,2025,14,30800,,,,,,,,
2025-10-02,Edmonton,Archtics,4,538.00,2025,7,15400,,,,,,,,
2025-10-02,Edmonton,Ticketmaster,24,2789.00,2025,7,15400,,,,,,,,
2025-10-03,Calgary,Archtics,6,370.00,2025,14,30800,,,,,,,,
2025-10-03,Calgary,Ticketmaster,29,3203.00,2025,14,30800,,,,,,,,
2025-10-03,Edmonton,Archtics,6,611.00,2025,7,15400,,,,,,,,
2025-10-03,Edmonton,Ticketmaster,18,1860.00,2025,7,15400,,,,,,,,
2025-10-04,Calgary,Archtics,0,0.00,2025,14,30800,,,,,,,,
2025-10-04,Calgary,Ticketmaster,57,5741.00,2025,14,30800,,,,,,,,
2025-10-04,Edmonton,Archtics,0,0.00,2025,7,15400,,,,,,,,
2025-10-04,Edmonton,Ticketmaster,30,3154.00,2025,7,15400,,,,,,,,
2025-10-05,Calgary,Archtics,5,367.00,2025,14,30800,,,,,,,,
2025-10-05,Calgary,Ticketmaster,90,8355.00,2025,14,30800,,,,,,,,
2025-10-05,Edmonton,Archtics,0,0.00,2025,7,15400,,,,,,,,
2025-10-05,Edmonton,Ticketmaster,17,1540.00,2025,7,15400,,,,,,,,
2025-10-06,Calgary,Archtics,12,1273.00,2025,14,30800,,,,,,,,
2025-10-06,Calgary,Ticketmaster,38,4018.00,2025,14,30800,,,,,,,,
2025-10-06,Edmonton,Archtics,6,441.00,2025,7,15400,,,,,,,,
2025-10-06,Edmonton,Ticketmaster,18,2070.00,2025,7,15400,,,,,,,,
2025-10-07,Calgary,Archtics,11,1269.00,2025,14,30800,,,,,,,,
2025-10-07,Calgary,Ticketmaster,43,4150.00,2025,14,30800,,,,,,,,
2025-10-07,Edmonton,Archtics,2,212.00,2025,7,15400,,,,,,,,
2025-10-07,Edmonton,Ticketmaster,24,2730.00,2025,7,15400,,,,,,,,
2025-10-08,Calgary,Archtics,4,356.00,2025,14,30800,,,,,,,,
2025-10-08,Calgary,Ticketmaster,53,5586.00,2025,14,30800,,,,,,,,
2025-10-08,Edmonton,Archtics,0,0.00,2025,7,15400,,,,,,,,
2025-10-08,Edmonton,Ticketmaster,43,5309.00,2025,7,15400,,,,,,,,
2025-10-09,Calgary,Archtics,1,125.00,2025,14,30800,,,,,,,,
2025-10-09,Calgary,Ticketmaster,28,3618.00,2025,14,30800,,,,,,,,
2025-10-09,Edmonton,Archtics,8,787.00,2025,7,15400,,,,,,,,
2025-10-09,Edmonton,Ticketmaster,26,3535.00,2025,7,15400,,,,,,,,
2025-10-10,Calgary,Archtics,12,1352.00,2025,14,30800,,,,,,,,
2025-10-10,Calgary,Ticketmaster,28,3699.00,2025,14,30800,,,,,,,,
2025-10-10,Edmonton,Archtics,0,0.00,2025,7,15400,,,,,,,,
2025-10-10,Edmonton,Ticketmaster,33,3474.00,2025,7,15400,,,,,,,,
2025-10-11,Calgary,Archtics,0,0.00,2025,14,30800,,,,,,,,
2025-10-11,Calgary,Ticketmaster,34,3683.00,2025,14,30800,,,,,,,,
2025-10-11,Edmonton,Archtics,2,147.00,2025,7,15400,,,,,,,,
2025-10-11,Edmonton,Ticketmaster,26,2902.00,2025,7,15400,,,,,,,,
2025-10-12,Calgary,Archtics,2,269.00,2025,14,30800,,,,,,,,
2025-10-12,Calgary,Ticketmaster,59,6169.00,2025,14,30800,,,,,,,,
2025-10-12,Edmonton,Archtics,0,0.00,2025,7,15400,,,,,,,,
2025-10-12,Edmonton,Ticketmaster,46,4623.00,2025,7,15400,,,,,,,,
2025-10-13,Calgary,Archtics,8,1095.00,2025,14,30800,,,,,,,,
2025-10-13,Calgary,Ticketmaster,108,12679.00,2025,14,30800,,,,,,,,
2025-10-13,Edmonton,Archtics,0,0.00,2025,7,15400,,,,,,,,
2025-10-13,Edmonton,Ticketmaster,68,6620.00,2025,7,15400,,,,,,,,
2025-10-14,Calgary,Archtics,3,431.00,2025,14,30800,,,,,,,,
2025-10-14,Calgary,Ticketmaster,84,8451.00,2025,14,30800,,,,,,,,
2025-10-14,Edmonton,Archtics,12,889.00,2025,7,15400,,,,,,,,
2025-10-14,Edmonton,Ticketmaster,42,4881.00,2025,7,15400,,,,,,,,
2025-10-15,Calgary,Archtics,3,318.00,2025,14,30800,,,,,,,,
2025-10-15,Calgary,Ticketmaster,87,8837.00,2025,14,30800,,,,,,,,
2025-10-15,Edmonton,Archtics,22,1946.00,2025,7,15400,,,,,,,,
2025-10-15,Edmonton,Ticketmaster,41,4862.00,2025,7,15400,,,,,,,,
2025-10-16,Calgary,Archtics,74,8424.00,2025,14,30800,,,,,,,,
2025-10-16,Calgary,Ticketmaster,53,6035.00,2025,14,30800,,,,,,,,
2025-10-16,Edmonton,Archtics,0,0.00,2025,7,15400,,,,,,,,
2025-10-16,Edmonton,Ticketmaster,31,3364.00,2025,7,15400,,,,,,,,
2025-10-17,Calgary,Archtics,11,1265.00,2025,14,30800,,,,,,,,
2025-10-17,Calgary,Ticketmaster,74,9021.00,2025,14,30800,,,,,,,,
2025-10-17,Edmonton,Archtics,0,0.00,2025,7,15400,,,,,,,,
2025-10-17,Edmonton,Ticketmaster,62,8650.00,2025,7,15400,,,,,,,,
2025-10-18,Calgary,Archtics,11,1114.00,2025,14,30800,,,,,,,,
2025-10-18,Calgary,Ticketmaster,106,10745.00,2025,14,30800,,,,,,,,
2025-10-18,Edmonton,Archtics,0,0.00,2025,7,15400,,,,,,,,
2025-10-18,Edmonton,Ticketmaster,46,4941.00,2025,7,15400,,,,,,,,
2025-10-19,Calgary,Archtics,15,1529.00,2025,14,30800,,,,,,,,
2025-10-19,Calgary,Ticketmaster,121,13804.00,2025,14,30800,,,,,,,,
2025-10-19,Edmonton,Archtics,4,447.00,2025,7,15400,,,,,,,,
2025-10-19,Edmonton,Ticketmaster,41,4497.00,2025,7,15400,,,,,,,,
2025-10-20,Calgary,Archtics,31,3234.00,2025,14,30800,,,,,,,,
2025-10-20,Calgary,Ticketmaster,66,7294.00,2025,14,30800,,,,,,,,
2025-10-20,Edmonton,Archtics,10,602.00,2025,7,15400,,,,,,,,
2025-10-20,Edmonton,Ticketmaster,55,6354.00,2025,7,15400,,,,,,,,
2025-10-21,Calgary,Archtics,3,198.00,2025,14,30800,,,,,,,,
2025-10-21,Calgary,Ticketmaster,81,9066.00,2025,14,30800,,,,,,,,
2025-10-21,Edmonton,Archtics,0,0.00,2025,7,15400,,,,,,,,
2025-10-21,Edmonton,Ticketmaster,45,5546.00,2025,7,15400,,,,,,,,
2025-10-22,Calgary,Archtics,102,10801.00,2025,14,30800,,,,,,,,
2025-10-22,Calgary,Ticketmaster,73,7752.00,2025,14,30800,,,,,,,,
2025-10-22,Edmonton,Archtics,4,622.00,2025,7,15400,,,,,,,,
2025-10-22,Edmonton,Ticketmaster,30,4108.00,2025,7,15400,,,,,,,,
2025-10-23,Calgary,Archtics,17,1291.00,2025,14,30800,,,,,,,,
2025-10-23,Calgary,Ticketmaster,80,8176.00,2025,14,30800,,,,,,,,
2025-10-23,Edmonton,Archtics,3,220.00,2025,7,15400,,,,,,,,
2025-10-23,Edmonton,Ticketmaster,26,3472.00,2025,7,15400,,,,,,,,
2025-10-24,Calgary,Archtics,79,8986.00,2025,14,30800,,,,,,,,
2025-10-24,Calgary,Ticketmaster,53,6341.00,2025,14,30800,,,,,,,,
2025-10-24,Edmonton,Archtics,12,928.00,2025,7,15400,,,,,,,,
2025-10-24,Edmonton,Ticketmaster,31,4294.00,2025,7,15400,,,,,,,,
2025-10-25,Calgary,Archtics,2,147.00,2025,14,30800,,,,,,,,
2025-10-25,Calgary,Ticketmaster,78,8211.00,2025,14,30800,,,,,,,,
2025-10-25,Edmonton,Archtics,0,0.00,2025,7,15400,,,,,,,,
2025-10-25,Edmonton,Ticketmaster,56,6907.00,2025,7,15400,,,,,,,,
2025-10-26,Calgary,Archtics,4,553.00,2025,14,30800,,,,,,,,
2025-10-26,Calgary,Ticketmaster,126,13898.00,2025,14,30800,,,,,,,,
2025-10-26,Edmonton,Archtics,4,423.00,2025,7,15400,,,,,,,,
2025-10-26,Edmonton,Ticketmaster,59,6337.00,2025,7,15400,,,,,,,,
2025-10-27,Calgary,Archtics,21,2390.00,2025,14,30800,,,,,,,,
2025-10-27,Calgary,Ticketmaster,133,14023.00,2025,14,30800,,,,,,,,
2025-10-27,Edmonton,Archtics,14,1678.00,2025,7,15400,,,,,,,,
2025-10-27,Edmonton,Ticketmaster,104,13731.00,2025,7,15400,,,,,,,,
2025-10-28,Calgary,Archtics,5,596.00,2025,14,30800,,,,,,,,
2025-10-28,Calgary,Ticketmaster,135,13959.00,2025,14,30800,,,,,,,,
2025-10-28,Edmonton,Archtics,0,0.00,2025,7,15400,,,,,,,,
2025-10-28,Edmonton,Ticketmaster,75,8527.00,2025,7,15400,,,,,,,,
2025-10-29,Calgary,Archtics,17,1811.00,2025,14,30800,,,,,,,,
2025-10-29,Calgary,Ticketmaster,186,18824.00,2025,14,30800,,,,,,,,
2025-10-29,Edmonton,Archtics,0,0.00,2025,7,15400,,,,,,,,
2025-10-29,Edmonton,Ticketmaster,92,10531.00,2025,7,15400,,,,,,,,
2025-10-30,Calgary,Archtics,48,4024.00,2025,14,30800,,,,,,,,
2025-10-30,Calgary,Ticketmaster,160,18082.00,2025,14,30800,,,,,,,,
2025-10-30,Edmonton,Archtics,6,709.00,2025,7,15400,,,,,,,,
2025-10-30,Edmonton,Ticketmaster,203,20294.00,2025,7,15400,,,,,,,,
2025-10-31,Calgary,Archtics,76,7087.18,2025,14,30800,,,,,,,,
2025-10-31,Calgary,Ticketmaster,471,51276.59,2025,14,30800,,,,,,,,
2025-10-31,Edmonton,Archtics,17,1762.70,2025,7,15400,,,,,,,,
2025-10-31,Edmonton,Ticketmaster,275,31503.91,2025,7,15400,,,,,,,,
2025-11-01,Calgary,Archtics,5,643.58,2025,14,30800,,,,,,,,
2025-11-01,Calgary,Ticketmaster,485,51267.57,2025,14,30800,,,,,,,,
2025-11-01,Edmonton,Archtics,0,0.00,2025,7,15400,,,,,,,,
2025-11-01,Edmonton,Ticketmaster,235,25520.53,2025,7,15400,,,,,,,,
2025-11-02,Calgary,Archtics,8,1037.94,2025,14,30800,,,,,,,,
2025-11-02,Calgary,Ticketmaster,397,44100.02,2025,14,30800,,,,,,,,
2025-11-02,Edmonton,Archtics,4,652.00,2025,7,15400,,,,,,,,
2025-11-02,Edmonton,Ticketmaster,149,17840.74,2025,7,15400,,,,,,,,
2025-11-03,Calgary,Archtics,92,8679.39,2025,14,30800,,,,,,,,
2025-11-03,Calgary,Ticketmaster,302,34011.14,2025,14,30800,,,,,,,,
2025-11-03,Edmonton,Archtics,60,5109.20,2025,7,15400,,,,,,,,
2025-11-03,Edmonton,Ticketmaster,136,16715.94,2025,7,15400,,,,,,,,
2025-11-04,Calgary,Archtics,67,6549.90,2025,14,30800,,,,,,,,
2025-11-04,Calgary,Ticketmaster,260,28653.28,2025,14,30800,,,,,,,,
2025-11-04,Edmonton,Archtics,28,2167.82,2025,7,15400,,,,,,,,
2025-11-04,Edmonton,Ticketmaster,106,11956.84,2025,7,15400,,,,,,,,
2025-11-05,Calgary,Archtics,-33,-2197.08,2025,14,30800,,,,,,,,
2025-11-05,Calgary,Ticketmaster,232,25866.85,2025,14,30800,,,,,,,,
2025-11-05,Edmonton,Archtics,13,1855.51,2025,7,15400,,,,,,,,
2025-11-05,Edmonton,Ticketmaster,133,15682.18,2025,7,15400,,,,,,,,
2025-11-06,Calgary,Archtics,41,3361.11,2025,14,30800,,,,,,,,
2025-11-06,Calgary,Ticketmaster,159,17919.29,2025,14,30800,,,,,,,,
2025-11-06,Edmonton,Archtics,89,5508.81,2025,7,15400,,,,,,,,
2025-11-06,Edmonton,Ticketmaster,153,18507.78,2025,7,15400,,,,,,,,
2025-11-07,Calgary,Archtics,24,2449.56,2025,14,30800,,,,,,,,
2025-11-07,Calgary,Ticketmaster,235,25838.66,2025,14,30800,,,,,,,,
2025-11-07,Edmonton,Archtics,6,632.07,2025,7,15400,,,,,,,,
2025-11-07,Edmonton,Ticketmaster,128,17308.00,2025,7,15400,,,,,,,,
2025-11-08,Calgary,Archtics,17,1553.13,2025,14,30800,,,,,,,,
2025-11-08,Calgary,Ticketmaster,250,29885.40,2025,14,30800,,,,,,,,
2025-11-08,Edmonton,Archtics,2,268.86,2025,7,15400,,,,,,,,
2025-11-08,Edmonton,Ticketmaster,166,22784.91,2025,7,15400,,,,,,,,
2025-11-09,Calgary,Archtics,1,126.15,2025,14,30800,,,,,,,,
2025-11-09,Calgary,Ticketmaster,297,36673.90,2025,14,30800,,,,,,,,
2025-11-09,Edmonton,Archtics,6,840.86,2025,7,15400,,,,,,,,
2025-11-09,Edmonton,Ticketmaster,133,19743.39,2025,7,15400,,,,,,,,
2025-11-10,Calgary,Archtics,92,9983.02,2025,14,30800,,,,,,,,
2025-11-10,Calgary,Ticketmaster,252,31364.26,2025,14,30800,,,,,,,,
2025-11-10,Edmonton,Archtics,7,740.86,2025,7,15400,,,,,,,,
2025-11-10,Edmonton,Ticketmaster,108,16086.89,2025,7,15400,,,,,,,,
2025-11-11,Calgary,Archtics,3,220.44,2025,14,30800,,,,,,,,
2025-11-11,Calgary,Ticketmaster,238,30391.82,2025,14,30800,,,,,,,,
2025-11-11,Edmonton,Archtics,6,738.58,2025,7,15400,,,,,,,,
2025-11-11,Edmonton,Ticketmaster,125,19851.54,2025,7,15400,,,,,,,,
2025-11-12,Calgary,Archtics,29,5190.54,2025,14,30800,,,,,,,,
2025-11-12,Calgary,Ticketmaster,199,22158.03,2025,14,30800,,,,,,,,
2025-11-12,Edmonton,Archtics,22,1969.25,2025,7,15400,,,,,,,,
2025-11-12,Edmonton,Ticketmaster,110,15557.17,2025,7,15400,,,,,,,,
2025-11-13,Calgary,Archtics,25,2281.84,2025,14,30800,,,,,,,,
2025-11-13,Calgary,Ticketmaster,233,25438.10,2025,14,30800,,,,,,,,
2025-11-13,Edmonton,Archtics,23,2967.70,2025,7,15400,,,,,,,,
2025-11-13,Edmonton,Ticketmaster,157,15414.77,2025,7,15400,,,,,,,,
2025-11-14,Calgary,Archtics,56,5378.05,2025,14,30800,,,,,,,,
2025-11-14,Calgary,Ticketmaster,366,30683.08,2025,14,30800,,,,,,,,
2025-11-14,Edmonton,Archtics,-43,-3259.73,2025,7,15400,,,,,,,,
2025-11-14,Edmonton,Ticketmaster,251,20634.71,2025,7,15400,,,,,,,,
2025-11-15,Calgary,Archtics,15,1282.41,2025,14,30800,,,,,,,,
2025-11-15,Calgary,Ticketmaster,322,28962.77,2025,14,30800,,,,,,,,
2025-11-15,Edmonton,Archtics,2,238.98,2025,7,15400,,,,,,,,
2025-11-15,Edmonton,Ticketmaster,248,21139.43,2025,7,15400,,,,,,,,
2025-11-16,Calgary,Archtics,4,637.92,2025,14,30800,,,,,,,,
2025-11-16,Calgary,Ticketmaster,446,42835.26,2025,14,30800,,,,,,,,
2025-11-16,Edmonton,Archtics,4,262.12,2025,7,15400,,,,,,,,
2025-11-16,Edmonton,Ticketmaster,229,22973.61,2025,7,15400,,,,,,,,
2025-11-17,Calgary,Archtics,24,2343.80,2025,14,30800,,,,,,,,
2025-11-17,Calgary,Ticketmaster,344,39286.89,2025,14,30800,,,,,,,,
2025-11-17,Edmonton,Archtics,21,2493.44,2025,7,15400,,,,,,,,
2025-11-17,Edmonton,Ticketmaster,183,20816.28,2025,7,15400,,,,,,,,
2025-11-18,Calgary,Archtics,57,4849.76,2025,14,30800,,,,,,,,
2025-11-18,Calgary,Ticketmaster,259,29227.78,2025,14,30800,,,,,,,,
2025-11-18,Edmonton,Archtics,6,1112.43,2025,7,15400,,,,,,,,
2025-11-18,Edmonton,Ticketmaster,159,17595.54,2025,7,15400,,,,,,,,
2025-11-18,Calgary,Archtics,57,4849.76,2025,14,30800,,,,,,,,
2025-11-18,Calgary,Ticketmaster,259,29227.78,2025,14,30800,,,,,,,,
2025-11-18,Edmonton,Archtics,6,1112.43,2025,7,15400,,,,,,,,
2025-11-18,Edmonton,Ticketmaster,159,17595.54,2025,7,15400,,,,,,,,
2025-11-19,Calgary,Archtics,20,1969.13,2025,14,30800,,,,,,,,
2025-11-19,Calgary,Ticketmaster,240,27900.14,2025,14,30800,,,,,,,,
2025-11-19,Edmonton,Archtics,0,0.00,2025,7,15400,,,,,,,,
2025-11-19,Edmonton,Ticketmaster,159,18797.31,2025,7,15400,,,,,,,,
2025-11-20,Calgary,Archtics,17,1753.79,2025,14,30800,,,,,,,,
2025-11-20,Calgary,Ticketmaster,241,28213.31,2025,14,30800,,,,,,,,
2025-11-20,Edmonton,Archtics,0,27.26,2025,7,15400,,,,,,,,
2025-11-20,Edmonton,Ticketmaster,200,21315.01,2025,7,15400,,,,,,,,
2025-11-21,Calgary,Archtics,43,4507.10,2025,14,30800,,,,,,,,
2025-11-21,Calgary,Ticketmaster,230,28058.55,2025,14,30800,,,,,,,,
2025-11-21,Edmonton,Archtics,21,1810.16,2025,7,15400,,,,,,,,
2025-11-21,Edmonton,Ticketmaster,196,21553.34,2025,7,15400,,,,,,,,
2025-11-22,Calgary,Archtics,4,507.84,2025,14,30800,,,,,,,,
2025-11-22,Calgary,Ticketmaster,207,25154.89,2025,14,30800,,,,,,,,
2025-11-22,Edmonton,Archtics,0,0.00,2025,7,15400,,,,,,,,
2025-11-22,Edmonton,Ticketmaster,136,15584.40,2025,7,15400,,,,,,,,
2025-11-23,Calgary,Archtics,2,223.74,2025,14,30800,,,,,,,,
2025-11-23,Calgary,Ticketmaster,268,29388.08,2025,14,30800,,,,,,,,
2025-11-23,Edmonton,Archtics,4,217.72,2025,7,15400,,,,,,,,
2025-11-23,Edmonton,Ticketmaster,131,15044.12,2025,7,15400,,,,,,,,
2025-11-24,Calgary,Archtics,21,2147.75,2025,14,30800,,,,,,,,
2025-11-24,Calgary,Ticketmaster,223,27401.39,2025,14,30800,,,,,,,,
2025-11-24,Edmonton,Archtics,6,723.36,2025,7,15400,,,,,,,,
2025-11-24,Edmonton,Ticketmaster,209,24792.74,2025,7,15400,,,,,,,,
2025-11-25,Calgary,Archtics,19,264.08,2025,14,30800,,,,,,,,
2025-11-25,Calgary,Ticketmaster,407,45959.37,2025,14,30800,,,,,,,,
2025-11-25,Edmonton,Archtics,31,2168.98,2025,7,15400,,,,,,,,
2025-11-25,Edmonton,Ticketmaster,224,25080.58,2025,7,15400,,,,,,,,
